{
  "metadata": {
    "vite_version": "3b73aa0",
    "nvim_version": "NVIM v0.11.5"
  },
  "results": {
    "startup": {
      "vite": {
        "empty": {
          "mean": 0.10090516840009514,
          "median": 0.10092366900016714,
          "stddev": 0.0002216957012069415,
          "min": 0.10068154400005369,
          "max": 0.1012009080000098,
          "count": 5
        },
        "100_lines": {
          "mean": 0.10072951000001922,
          "median": 0.10073901900000237,
          "stddev": 0.0001397211167111048,
          "min": 0.10051420099989627,
          "max": 0.10090120500012745,
          "count": 5
        },
        "1k_lines": {
          "mean": 0.10079601539996474,
          "median": 0.10079130799999803,
          "stddev": 0.00011730147643291972,
          "min": 0.10062512599984075,
          "max": 0.1009312599999248,
          "count": 5
        },
        "10k_lines": {
          "mean": 0.1007056152000132,
          "median": 0.10067613999990499,
          "stddev": 0.0001256000193801888,
          "min": 0.10054000900004212,
          "max": 0.10083278000001883,
          "count": 5
        }
      },
      "nvim": {
        "empty": {
          "mean": 0.05059218520000286,
          "median": 0.050482323000096585,
          "stddev": 0.0001912394001255737,
          "min": 0.050460721000035846,
          "max": 0.05091179700002613,
          "count": 5
        },
        "100_lines": {
          "mean": 0.05052892300000167,
          "median": 0.05052013299996361,
          "stddev": 5.236753150570899e-05,
          "min": 0.05045627599997715,
          "max": 0.05058904700013045,
          "count": 5
        },
        "1k_lines": {
          "mean": 0.050580030400078614,
          "median": 0.05057813899998109,
          "stddev": 4.123083723168999e-05,
          "min": 0.050520605999963664,
          "max": 0.05062281700020321,
          "count": 5
        },
        "10k_lines": {
          "mean": 0.05051886100004595,
          "median": 0.05051068900002065,
          "stddev": 5.710140731956454e-05,
          "min": 0.050460916000020006,
          "max": 0.05060935500000596,
          "count": 5
        }
      }
    },
    "insertion": {
      "vite": {
        "single_chars_100": {
          "mean": 0.40422373839996906,
          "median": 0.4044325840000056,
          "stddev": 0.0011432620181531577,
          "min": 0.4023983039999166,
          "max": 0.4055421450000267,
          "count": 5
        },
        "words_50": {
          "mean": 0.5712839079999867,
          "median": 0.5709521759999916,
          "stddev": 0.0008538835551205007,
          "min": 0.5703796709999551,
          "max": 0.5726151890000892,
          "count": 5
        },
        "lines_20": {
          "mean": 0.8118599849999555,
          "median": 0.8131023779999396,
          "stddev": 0.00712492401373834,
          "min": 0.8018235089998598,
          "max": 0.8195352319999074,
          "count": 5
        }
      },
      "nvim": {
        "single_chars_100": {
          "mean": 0.40794228579993613,
          "median": 0.40764391199991223,
          "stddev": 0.000979457499852408,
          "min": 0.4071577909999178,
          "max": 0.40965414099991904,
          "count": 5
        },
        "words_50": {
          "mean": 0.5660079587999463,
          "median": 0.5660620290000224,
          "stddev": 0.00013860794728752626,
          "min": 0.5658070169999974,
          "max": 0.5661582979998911,
          "count": 5
        },
        "lines_20": {
          "mean": 0.799637489800034,
          "median": 0.7987088180000228,
          "stddev": 0.001760577984632544,
          "min": 0.7980327679999846,
          "max": 0.8016695020000952,
          "count": 5
        }
      }
    },
    "movement": {
      "vite": {
        "hjkl_1000": {
          "mean": 1.434939602799932,
          "median": 1.4334173610000107,
          "stddev": 0.005927774857760498,
          "min": 1.4275198129998898,
          "max": 1.4433913739999298,
          "count": 5
        },
        "word_motion_500": {
          "mean": 1.1523629366000023,
          "median": 1.1534948280000208,
          "stddev": 0.004534780384949098,
          "min": 1.1446232230000533,
          "max": 1.1557297899998957,
          "count": 5
        },
        "line_motion_500": {
          "mean": 1.3786709324000186,
          "median": 1.3800572790000842,
          "stddev": 0.0044335894929799545,
          "min": 1.3728782959999535,
          "max": 1.38262861599992,
          "count": 5
        },
        "jumps_100": {
          "mean": 1.1081846360000327,
          "median": 1.1089948540000023,
          "stddev": 0.002025213254227297,
          "min": 1.1056536849998793,
          "max": 1.1101728870000898,
          "count": 5
        }
      },
      "nvim": {
        "hjkl_1000": {
          "mean": 1.3725521683999886,
          "median": 1.377791980999973,
          "stddev": 0.01984992598078103,
          "min": 1.3385473470000306,
          "max": 1.390082608000057,
          "count": 5
        },
        "word_motion_500": {
          "mean": 1.1105634074000137,
          "median": 1.1108583489999546,
          "stddev": 0.00457627195665077,
          "min": 1.1038245189999998,
          "max": 1.116623294999954,
          "count": 5
        },
        "line_motion_500": {
          "mean": 1.3357520504000149,
          "median": 1.3350289729999076,
          "stddev": 0.0016882871003788573,
          "min": 1.3342667669999173,
          "max": 1.3381597220000003,
          "count": 5
        },
        "jumps_100": {
          "mean": 1.058751274000042,
          "median": 1.0590134229998966,
          "stddev": 0.0009367688630212079,
          "min": 1.057103288999997,
          "max": 1.0593846820002,
          "count": 5
        }
      }
    },
    "fileops": {
      "vite": {
        "load_small_100": {
          "mean": 0.10093118559998401,
          "median": 0.10090393799987396,
          "stddev": 8.384892227554448e-05,
          "min": 0.10083601099995576,
          "max": 0.10105319299987059,
          "count": 5
        },
        "load_medium_1k": {
          "mean": 0.10099415979998412,
          "median": 0.10093988499988882,
          "stddev": 0.00017075139124120148,
          "min": 0.10082320600008643,
          "max": 0.10127006700008678,
          "count": 5
        },
        "load_large_10k": {
          "mean": 0.10075436220004122,
          "median": 0.1007367400000021,
          "stddev": 9.958667072827527e-05,
          "min": 0.10066169200013064,
          "max": 0.10091063999993821,
          "count": 5
        },
        "save_small_100": {
          "mean": 0.26079022466668295,
          "median": 0.2609010670000771,
          "stddev": 0.0002010154192135513,
          "min": 0.26055818899999394,
          "max": 0.26091141799997786,
          "count": 3
        },
        "save_medium_1k": {
          "mean": 0.2608690530000028,
          "median": 0.26101300499999525,
          "stddev": 0.0003440460376559222,
          "min": 0.260476411999889,
          "max": 0.26111774200012405,
          "count": 3
        },
        "save_large_10k": {
          "mean": 0.26079146699999,
          "median": 0.2608172579998609,
          "stddev": 0.00021093239678642977,
          "min": 0.26056882500006395,
          "max": 0.2609883180000452,
          "count": 3
        }
      },
      "nvim": {
        "load_small_100": {
          "mean": 0.050564822800015466,
          "median": 0.05057598700000199,
          "stddev": 6.692013753290851e-05,
          "min": 0.0504857579999225,
          "max": 0.050662153000075705,
          "count": 5
        },
        "load_medium_1k": {
          "mean": 0.05051674320002349,
          "median": 0.0505050020001363,
          "stddev": 6.184228067856085e-05,
          "min": 0.050441419999970094,
          "max": 0.050606669999979204,
          "count": 5
        },